index,birga_x,valin_x,valout_x,direction_x,rates_x,volume_x,Com_x,birga_y,valin_y,valout_y,direction_y,rates_y,volume_y,Com_y,Bal1,Bal2,volume,Vol1,Vol2,Vol3,Vol4,profit,percent
0,alfa,USD,PZM,buy,0.0211,27011.68651444,0.2,alfa,PZM,USD,sell,0.0209,74366.80933923,0.2,39823.19581800947,22340.27017956,22340.27017956,471.37970078871604,22340.27017956,22295.58963920088,465.04586781237975,-6.333832976336282,-1.343679620853097
1,alfa,USD,PZM,buy,0.0211,27011.68651444,0.2,alfa,PZM,USD,sell,0.0208,75510.66910365001,0.2,39823.19581800947,22340.27017956,22340.27017956,471.37970078871604,22340.27017956,22295.58963920088,462.82076796638756,-8.558932822328472,-1.815719431279625
2,alfa,USD,PZM,buy,0.0211,27011.68651444,0.2,live,PZM,USD,sell,0.02087,286.68362429,0.18,39823.19581800947,12549.45140858,286.68362429,6.049024472519,286.68362429,286.11025704142,5.960373046538417,-0.08865142598058284,-1.4655491374407625
3,alfa,USD,PZM,buy,0.0211,27011.68651444,0.2,live,PZM,USD,sell,0.02066,515.63585613,0.18,39823.19581800947,12549.45140858,515.63585613,10.879916564343,515.63585613,514.6045844177399,10.612593598785182,-0.26732296555781865,-2.45703139336493
4,alfa,USD,PZM,buy,0.0211,27011.68651444,0.2,live,PZM,USD,sell,0.02065,2132.92830794,0.18,39823.19581800947,12549.45140858,2132.92830794,45.00478729753401,2132.92830794,2128.6624513241204,43.87775723652737,-1.1270300610066357,-2.504244834123214
5,alfa,USD,PZM,buy,0.0211,27011.68651444,0.2,live,PZM,USD,sell,0.02064,10530.78620794,0.18,39823.19581800947,12549.45140858,10530.78620794,222.199588987534,10530.78620794,10509.72463552412,216.53025918755884,-5.6693297999751735,-2.551458274881525
6,alfa,USD,PZM,buy,0.0211,27011.68651444,0.2,live,PZM,USD,sell,0.0206,10937.09078203,0.18,39823.19581800947,12549.45140858,10937.09078203,230.772615500833,10937.09078203,10915.21660046594,224.44872573805307,-6.323889762779942,-2.740312037914704
7,alfa,USD,PZM,buy,0.0213,29348.13510444,0.2,alfa,PZM,USD,sell,0.0209,74366.80933923,0.2,39449.269096713615,22340.27017956,22340.27017956,475.847754824628,22340.27017956,22295.58963920088,465.04586781237975,-10.801887012248244,-2.270030046948365
8,alfa,USD,PZM,buy,0.0213,29348.13510444,0.2,alfa,PZM,USD,sell,0.0208,75510.66910365001,0.2,39449.269096713615,22340.27017956,22340.27017956,475.847754824628,22340.27017956,22295.58963920088,462.82076796638756,-13.026986858240434,-2.7376375586854422
9,alfa,USD,PZM,buy,0.0213,29348.13510444,0.2,live,PZM,USD,sell,0.02087,286.68362429,0.18,39449.269096713615,12549.45140858,286.68362429,6.106361197377,286.68362429,286.11025704142,5.960373046538417,-0.14598815083858252,-2.39075524882629
10,alfa,USD,PZM,buy,0.0213,29348.13510444,0.2,live,PZM,USD,sell,0.02066,515.63585613,0.18,39449.269096713615,12549.45140858,515.63585613,10.983043735569,515.63585613,514.6045844177399,10.612593598785182,-0.370450136783818,-3.372927812206568
11,alfa,USD,PZM,buy,0.0213,29348.13510444,0.2,live,PZM,USD,sell,0.02065,2132.92830794,0.18,39449.269096713615,12549.45140858,2132.92830794,45.431372959122,2132.92830794,2128.6624513241204,43.87775723652737,-1.5536157225946283,-3.4196979342722758
12,alfa,USD,PZM,buy,0.0213,29348.13510444,0.2,live,PZM,USD,sell,0.02064,10530.78620794,0.18,39449.269096713615,12549.45140858,10530.78620794,224.305746229122,10530.78620794,10509.72463552412,216.53025918755884,-7.775487041563167,-3.4664680563380332
13,alfa,USD,PZM,buy,0.0213,29348.13510444,0.2,live,PZM,USD,sell,0.0206,10937.09078203,0.18,39449.269096713615,12549.45140858,10937.09078203,232.960033657239,10937.09078203,10915.21660046594,224.44872573805307,-8.511307919185924,-3.6535485446009437
14,alfa,USD,PZM,buy,0.0214,77477.97622594,0.2,alfa,PZM,USD,sell,0.0209,74366.80933923,0.2,39264.92671775701,22340.27017956,22340.27017956,478.081781842584,22340.27017956,22295.58963920088,465.04586781237975,-13.035914030204253,-2.7267121495327205
15,alfa,USD,PZM,buy,0.0214,77477.97622594,0.2,alfa,PZM,USD,sell,0.0208,75510.66910365001,0.2,39264.92671775701,22340.27017956,22340.27017956,478.081781842584,22340.27017956,22295.58963920088,462.82076796638756,-15.261013876196444,-3.1921345794392506
16,alfa,USD,PZM,buy,0.0214,77477.97622594,0.2,live,PZM,USD,sell,0.02087,286.68362429,0.18,39264.92671775701,12549.45140858,286.68362429,6.135029559806,286.68362429,286.11025704142,5.960373046538417,-0.1746565132675828,-2.8468732149532747
17,alfa,USD,PZM,buy,0.0214,77477.97622594,0.2,live,PZM,USD,sell,0.02066,515.63585613,0.18,39264.92671775701,12549.45140858,515.63585613,11.034607321182,515.63585613,514.6045844177399,10.612593598785182,-0.42201372239681767,-3.82445618691588
18,alfa,USD,PZM,buy,0.0214,77477.97622594,0.2,live,PZM,USD,sell,0.02065,2132.92830794,0.18,39264.92671775701,12549.45140858,2132.92830794,45.644665789916004,2132.92830794,2128.6624513241204,43.87775723652737,-1.7669085533886317,-3.871007757009328
19,alfa,USD,PZM,buy,0.0214,77477.97622594,0.2,live,PZM,USD,sell,0.02064,10530.78620794,0.18,39264.92671775701,12549.45140858,10530.78620794,225.358824849916,10530.78620794,10509.72463552412,216.53025918755884,-8.828565662357164,-3.9175593271028077
20,alfa,USD,PZM,buy,0.0214,77477.97622594,0.2,live,PZM,USD,sell,0.0206,10937.09078203,0.18,39264.92671775701,12549.45140858,10937.09078203,234.05374273544197,10937.09078203,10915.21660046594,224.44872573805307,-9.605016997388901,-4.103765607476631
21,hot,USDT,PZM,buy,0.021954,51.61,0.06,hot,PZM,USDT,sell,0.02153356,1122.29,0.06,47393.582887927034,0.2532381,0.2532381,0.005562925000948441,0.2532381,0.2532381,0.005449845949943619,-0.0001130790510048222,-2.0327265060295256
22,hot,USDT,PZM,buy,0.021954,51.61,0.06,hot,PZM,USDT,sell,0.0215,1446.06,0.06,47393.582887927034,0.2532381,0.2532381,0.005562925000948441,0.2532381,0.2532381,0.005441352378509999,-0.00012157262243844141,-2.185408259462677
23,hot,USDT,PZM,buy,0.021954,51.61,0.06,hot,PZM,USDT,sell,0.02132038,3217.98,0.06,47393.582887927034,0.2532381,0.2532381,0.005562925000948441,0.2532381,0.2532381,0.005395893042964514,-0.0001670319579839272,-3.0025923045061615
24,hot,USDT,PZM,buy,0.021954,51.61,0.06,hot,PZM,USDT,sell,0.02132036,3822.19,0.06,47393.582887927034,0.2532381,0.2532381,0.005562925000948441,0.2532381,0.2532381,0.005395887981241371,-0.0001670370197070694,-3.002683294824049
25,hot,USDT,PZM,buy,0.021954,51.61,0.06,hot,PZM,USDT,sell,0.0212,4374.77,0.06,47393.582887927034,0.2532381,0.2532381,0.005562925000948441,0.2532381,0.2532381,0.005365426531368,-0.00019749846958044045,-3.5502630279352734
26,hot,USDT,PZM,buy,0.02196425,112.59,0.06,hot,PZM,USDT,sell,0.02153356,1122.29,0.06,47371.46584661666,0.2532381,0.2532381,0.005565522248887756,0.2532381,0.2532381,0.005449845949943619,-0.00011567629894413713,-2.0784446413318087
27,hot,USDT,PZM,buy,0.02196425,112.59,0.06,hot,PZM,USDT,sell,0.0215,1446.06,0.06,47371.46584661666,0.2532381,0.2532381,0.005565522248887756,0.2532381,0.2532381,0.005441352378509999,-0.00012416987037775634,-2.231055143164168
28,hot,USDT,PZM,buy,0.02196425,112.59,0.06,hot,PZM,USDT,sell,0.02132038,3217.98,0.06,47371.46584661666,0.2532381,0.2532381,0.005565522248887756,0.2532381,0.2532381,0.005395893042964514,-0.00016962920592324213,-3.047857835033213
29,hot,USDT,PZM,buy,0.02196425,112.59,0.06,hot,PZM,USDT,sell,0.02132036,3822.19,0.06,47371.46584661666,0.2532381,0.2532381,0.005565522248887756,0.2532381,0.2532381,0.005395887981241371,-0.00016963426764638433,-3.047948782888883
30,hot,USDT,PZM,buy,0.02196425,112.59,0.06,hot,PZM,USDT,sell,0.0212,4374.77,0.06,47371.46584661666,0.2532381,0.2532381,0.005565522248887756,0.2532381,0.2532381,0.005365426531368,-0.00020009571751975538,-3.5952729783758137
31,hot,USDT,PZM,buy,0.022,126.97,0.06,hot,PZM,USDT,sell,0.02153356,1122.29,0.06,47294.48721461591,0.2532381,0.2532381,0.00557458094292,0.2532381,0.2532381,0.005449845949943619,-0.00012473499297638128,-2.2375671687896297
32,hot,USDT,PZM,buy,0.022,126.97,0.06,hot,PZM,USDT,sell,0.0215,1446.06,0.06,47294.48721461591,0.2532381,0.2532381,0.00557458094292,0.2532381,0.2532381,0.005441352378509999,-0.0001332285644100005,-2.3899296785565114
33,hot,USDT,PZM,buy,0.022,126.97,0.06,hot,PZM,USDT,sell,0.02132038,3217.98,0.06,47294.48721461591,0.2532381,0.2532381,0.00557458094292,0.2532381,0.2532381,0.005395893042964514,-0.0001786878999554863,-3.205405066051269
34,hot,USDT,PZM,buy,0.022,126.97,0.06,hot,PZM,USDT,sell,0.02132036,3822.19,0.06,47294.48721461591,0.2532381,0.2532381,0.00557458094292,0.2532381,0.2532381,0.005395887981241371,-0.00017869296167862848,-3.2054958661166735
35,hot,USDT,PZM,buy,0.022,126.97,0.06,hot,PZM,USDT,sell,0.0212,4374.77,0.06,47294.48721461591,0.2532381,0.2532381,0.00557458094292,0.2532381,0.2532381,0.005365426531368,-0.00020915441155199953,-3.751930659785938
36,hot,USDT,PZM,buy,0.02218389,178.32,0.06,hot,PZM,USDT,sell,0.02153356,1122.29,0.06,46902.446717935854,0.2532381,0.2532381,0.005621176837901526,0.2532381,0.2532381,0.005449845949943619,-0.00017133088795790764,-3.0479540654669774
37,hot,USDT,PZM,buy,0.02218389,178.32,0.06,hot,PZM,USDT,sell,0.0215,1446.06,0.06,46902.446717935854,0.2532381,0.2532381,0.005621176837901526,0.2532381,0.2532381,0.005441352378509999,-0.00017982445939152686,-3.1990535892597567
38,hot,USDT,PZM,buy,0.02218389,178.32,0.06,hot,PZM,USDT,sell,0.02132038,3217.98,0.06,46902.446717935854,0.2532381,0.2532381,0.005621176837901526,0.2532381,0.2532381,0.005395893042964514,-0.00022528379493701265,-4.007769216901467
39,hot,USDT,PZM,buy,0.02218389,178.32,0.06,hot,PZM,USDT,sell,0.02132036,3822.19,0.06,46902.446717935854,0.2532381,0.2532381,0.005621176837901526,0.2532381,0.2532381,0.005395887981241371,-0.00022528885666015484,-4.007859264293466
40,hot,USDT,PZM,buy,0.02218389,178.32,0.06,hot,PZM,USDT,sell,0.0212,4374.77,0.06,46902.446717935854,0.2532381,0.2532381,0.005621176837901526,0.2532381,0.2532381,0.005365426531368,-0.0002557503065335259,-4.549764469409603
41,hot,USDT,PZM,buy,0.02240573,239.3,0.06,hot,PZM,USDT,sell,0.02153356,1122.29,0.06,46438.063777504685,0.2532381,0.2532381,0.005677388885009588,0.2532381,0.2532381,0.005449845949943619,-0.00022754293506596981,-4.007880025036995
42,hot,USDT,PZM,buy,0.02240573,239.3,0.06,hot,PZM,USDT,sell,0.0215,1446.06,0.06,46438.063777504685,0.2532381,0.2532381,0.005677388885009588,0.2532381,0.2532381,0.005441352378509999,-0.00023603650649958903,-4.157483506596015
43,hot,USDT,PZM,buy,0.02240573,239.3,0.06,hot,PZM,USDT,sell,0.02132038,3217.98,0.06,46438.063777504685,0.2532381,0.2532381,0.005677388885009588,0.2532381,0.2532381,0.005395893042964514,-0.0002814958420450748,-4.958192009505077
44,hot,USDT,PZM,buy,0.02240573,239.3,0.06,hot,PZM,USDT,sell,0.02132036,3822.19,0.06,46438.063777504685,0.2532381,0.2532381,0.005677388885009588,0.2532381,0.2532381,0.005395887981241371,-0.000281500903768217,-4.958281165334363
45,hot,USDT,PZM,buy,0.02240573,239.3,0.06,hot,PZM,USDT,sell,0.0212,4374.77,0.06,46438.063777504685,0.2532381,0.2532381,0.005677388885009588,0.2532381,0.2532381,0.005365426531368,-0.00031196235364158807,-5.494820946038844
46,live,USD,PZM,buy,0.02129,140.9376,0.18,alfa,PZM,USD,sell,0.0209,74366.80933923,0.2,0.2546605589478628,22340.27017956,0.2546605589478628,0.005431482401939999,0.2546605589478628,0.2546605589478628,0.0053117608706463116,-0.00011972153129368758,-2.2042146587997014
47,live,USD,PZM,buy,0.02129,140.9376,0.18,alfa,PZM,USD,sell,0.0208,75510.66910365001,0.2,0.2546605589478628,22340.27017956,0.2546605589478628,0.005431482401939999,0.2546605589478628,0.2546605589478628,0.005286345746863315,-0.00014513665507668444,-2.672137076700184
48,live,USD,PZM,buy,0.02129,140.9376,0.18,live,PZM,USD,sell,0.02087,286.68362429,0.18,0.2546605589478628,12549.45140858,0.2546605589478628,0.005431482401939999,0.2546605589478628,0.2546605589478628,0.005305199286684462,-0.00012628311525553736,-2.3250211620023284
49,live,USD,PZM,buy,0.02129,140.9376,0.18,live,PZM,USD,sell,0.02066,515.63585613,0.18,0.2546605589478628,12549.45140858,0.2546605589478628,0.005431482401939999,0.2546605589478628,0.2546605589478628,0.005251816830996693,-0.00017966557094330638,-3.307855160851373
50,live,USD,PZM,buy,0.02129,140.9376,0.18,live,PZM,USD,sell,0.02065,2132.92830794,0.18,0.2546605589478628,12549.45140858,0.2546605589478628,0.005431482401939999,0.2546605589478628,0.2546605589478628,0.005249274809297276,-0.0001822075926427233,-3.3546567798441727
51,live,USD,PZM,buy,0.02129,140.9376,0.18,live,PZM,USD,sell,0.02064,10530.78620794,0.18,0.2546605589478628,12549.45140858,0.2546605589478628,0.005431482401939999,0.2546605589478628,0.2546605589478628,0.005246732787597857,-0.00018474961434214194,-3.401458398837004
52,live,USD,PZM,buy,0.02129,140.9376,0.18,live,PZM,USD,sell,0.0206,10937.09078203,0.18,0.2546605589478628,12549.45140858,0.2546605589478628,0.005431482401939999,0.2546605589478628,0.2546605589478628,0.005236564700800188,-0.00019491770113981132,-3.588664874808234
53,live,USD,PZM,buy,0.32,5180.94198592,0.18,alfa,PZM,USD,sell,0.0209,74366.80933923,0.2,0.016942885312499996,22340.27017956,0.016942885312499996,0.005431482401939998,0.016942885312499996,0.016942885312499996,0.0003533980904251874,-0.0050780843115148105,-93.49352415651826
54,live,USD,PZM,buy,0.32,5180.94198592,0.18,alfa,PZM,USD,sell,0.0208,75510.66910365001,0.2,0.016942885312499996,22340.27017956,0.016942885312499996,0.005431482401939998,0.016942885312499996,0.016942885312499996,0.0003517071904709999,-0.0050797752114689985,-93.52465561988421
55,live,USD,PZM,buy,0.32,5180.94198592,0.18,live,PZM,USD,sell,0.02087,286.68362429,0.18,0.016942885312499996,12549.45140858,0.016942885312499996,0.005431482401939998,0.016942885312499996,0.016942885312499996,0.00035296154004222556,-0.005078520861897772,-93.50156156418447
56,live,USD,PZM,buy,0.32,5180.94198592,0.18,live,PZM,USD,sell,0.02066,515.63585613,0.18,0.016942885312499996,12549.45140858,0.016942885312499996,0.005431482401939998,0.016942885312499996,0.016942885312499996,0.00034940993853724864,-0.005082072463402749,-93.56695073867039
57,live,USD,PZM,buy,0.32,5180.94198592,0.18,live,PZM,USD,sell,0.02065,2132.92830794,0.18,0.016942885312499996,12549.45140858,0.016942885312499996,0.005431482401939998,0.016942885312499996,0.016942885312499996,0.00034924081465605936,-0.005082241587283939,-93.57006450888402
58,live,USD,PZM,buy,0.32,5180.94198592,0.18,live,PZM,USD,sell,0.02064,10530.78620794,0.18,0.016942885312499996,12549.45140858,0.016942885312499996,0.005431482401939998,0.016942885312499996,0.016942885312499996,0.00034907169077486993,-0.005082410711165128,-93.57317827909762
59,live,USD,PZM,buy,0.32,5180.94198592,0.18,live,PZM,USD,sell,0.0206,10937.09078203,0.18,0.016942885312499996,12549.45140858,0.016942885312499996,0.005431482401939998,0.016942885312499996,0.016942885312499996,0.0003483951952501124,-0.005083087206689886,-93.58563335995208
60,live,USD,PZM,buy,0.02127,5643.85319662,0.18,alfa,PZM,USD,sell,0.0209,74366.80933923,0.2,0.25490001410437235,22340.27017956,0.25490001410437235,0.00543148240194,0.25490001410437235,0.25490001410437235,0.005316755474191819,-0.00011472692774818112,-2.1122581140501038
61,live,USD,PZM,buy,0.02127,5643.85319662,0.18,alfa,PZM,USD,sell,0.0208,75510.66910365001,0.2,0.25490001410437235,22340.27017956,0.25490001410437235,0.00543148240194,0.25490001410437235,0.25490001410437235,0.005291316452784202,-0.00014016594915579762,-2.5806205154182877
62,live,USD,PZM,buy,0.02127,5643.85319662,0.18,live,PZM,USD,sell,0.02087,286.68362429,0.18,0.25490001410437235,12549.45140858,0.25490001410437235,0.00543148240194,0.25490001410437235,0.25490001410437235,0.005310187720428406,-0.00012129468151159378,-2.2331782105796774
63,live,USD,PZM,buy,0.02127,5643.85319662,0.18,live,PZM,USD,sell,0.02066,515.63585613,0.18,0.25490001410437235,12549.45140858,0.25490001410437235,0.00543148240194,0.25490001410437235,0.25490001410437235,0.00525675506967182,-0.00017472733226818037,-3.216936359874273
64,live,USD,PZM,buy,0.02127,5643.85319662,0.18,live,PZM,USD,sell,0.02065,2132.92830794,0.18,0.25490001410437235,12549.45140858,0.25490001410437235,0.00543148240194,0.25490001410437235,0.25490001410437235,0.00525421065773103,-0.00017727174420897017,-3.263781986031158
65,live,USD,PZM,buy,0.02127,5643.85319662,0.18,live,PZM,USD,sell,0.02064,10530.78620794,0.18,0.25490001410437235,12549.45140858,0.25490001410437235,0.00543148240194,0.25490001410437235,0.25490001410437235,0.005251666245790239,-0.00017981615614976083,-3.3106276121880587
66,live,USD,PZM,buy,0.02127,5643.85319662,0.18,live,PZM,USD,sell,0.0206,10937.09078203,0.18,0.25490001410437235,12549.45140858,0.25490001410437235,0.00543148240194,0.25490001410437235,0.25490001410437235,0.005241488598027081,-0.00018999380391291915,-3.4980101168155815
67,live,USD,PZM,buy,0.02138,5707.36489178,0.18,alfa,PZM,USD,sell,0.0209,74366.80933923,0.2,0.2535885547240412,22340.27017956,0.2535885547240412,0.00543148240194,0.2535885547240412,0.2535885547240412,0.005289400792144995,-0.00014208160979500492,-2.6158900882060605
68,live,USD,PZM,buy,0.02138,5707.36489178,0.18,alfa,PZM,USD,sell,0.0208,75510.66910365001,0.2,0.2535885547240412,22340.27017956,0.2535885547240412,0.00543148240194,0.2535885547240412,0.2535885547240412,0.005264092654383537,-0.00016738974755646334,-3.0818427672098427
69,live,USD,PZM,buy,0.02138,5707.36489178,0.18,live,PZM,USD,sell,0.02087,286.68362429,0.18,0.2535885547240412,12549.45140858,0.2535885547240412,0.00543148240194,0.2535885547240412,0.2535885547240412,0.005282866829443976,-0.00014861557249602406,-2.7361880514045667
70,live,USD,PZM,buy,0.02138,5707.36489178,0.18,live,PZM,USD,sell,0.02066,515.63585613,0.18,0.2535885547240412,12549.45140858,0.2535885547240412,0.00543148240194,0.2535885547240412,0.2535885547240412,0.0052297090894256135,-0.00020177331251438647,-3.7148847696223357
71,live,USD,PZM,buy,0.02138,5707.36489178,0.18,live,PZM,USD,sell,0.02065,2132.92830794,0.18,0.2535885547240412,12549.45140858,0.2535885547240412,0.00543148240194,0.2535885547240412,0.2535885547240412,0.005227177768472358,-0.00020430463346764183,-3.7614893752517533
72,live,USD,PZM,buy,0.02138,5707.36489178,0.18,live,PZM,USD,sell,0.02064,10530.78620794,0.18,0.2535885547240412,12549.45140858,0.2535885547240412,0.00543148240194,0.2535885547240412,0.2535885547240412,0.005224646447519102,-0.00020683595442089805,-3.8080939808811864
73,live,USD,PZM,buy,0.02138,5707.36489178,0.18,live,PZM,USD,sell,0.0206,10937.09078203,0.18,0.2535885547240412,12549.45140858,0.2535885547240412,0.00543148240194,0.2535885547240412,0.2535885547240412,0.005214521163706081,-0.0002169612382339186,-3.994512403398841
74,live,USD,PZM,buy,0.026,6666.36489178,0.18,alfa,PZM,USD,sell,0.0209,74366.80933923,0.2,0.20852781923076924,22340.27017956,0.20852781923076924,0.00543148240194,0.20852781923076924,0.20852781923076924,0.004349514959079231,-0.0010819674428607694,-19.92029731099406
75,live,USD,PZM,buy,0.026,6666.36489178,0.18,alfa,PZM,USD,sell,0.0208,75510.66910365001,0.2,0.20852781923076924,22340.27017956,0.20852781923076924,0.00543148240194,0.20852781923076924,0.20852781923076924,0.00432870388272,-0.00110277851922,-20.303453783190257
76,live,USD,PZM,buy,0.026,6666.36489178,0.18,live,PZM,USD,sell,0.02087,286.68362429,0.18,0.20852781923076924,12549.45140858,0.20852781923076924,0.00543148240194,0.20852781923076924,0.20852781923076924,0.00434414203128893,-0.0010873403706510697,-20.019219251501152
77,live,USD,PZM,buy,0.026,6666.36489178,0.18,live,PZM,USD,sell,0.02066,515.63585613,0.18,0.20852781923076924,12549.45140858,0.20852781923076924,0.00543148240194,0.20852781923076924,0.20852781923076924,0.004300430012766139,-0.0011310523891738611,-20.82400909132791
78,live,USD,PZM,buy,0.026,6666.36489178,0.18,live,PZM,USD,sell,0.02065,2132.92830794,0.18,0.20852781923076924,12549.45140858,0.20852781923076924,0.00543148240194,0.20852781923076924,0.20852781923076924,0.004298348488074578,-0.0011331339138654223,-20.86233241703394
79,live,USD,PZM,buy,0.026,6666.36489178,0.18,live,PZM,USD,sell,0.02064,10530.78620794,0.18,0.20852781923076924,12549.45140858,0.20852781923076924,0.00543148240194,0.20852781923076924,0.20852781923076924,0.004296266963383016,-0.0011352154385569843,-20.900655742739985
80,live,USD,PZM,buy,0.026,6666.36489178,0.18,live,PZM,USD,sell,0.0206,10937.09078203,0.18,0.20852781923076924,12549.45140858,0.20852781923076924,0.00543148240194,0.20852781923076924,0.20852781923076924,0.004287940864616769,-0.0011435415373232307,-21.05394904556414
81,alfa,BTC,PZM,buy,2.29e-06,9600.05571095,0.2,alfa,PZM,BTC,sell,2.22e-06,279.95495495,0.2,793.235807860262,22340.27017956,279.95495495,0.0006410968468355,279.95495495,279.3950450401,0.0006190164859890439,-2.2080360846456074e-05,-3.4441537117903973
82,alfa,BTC,PZM,buy,2.29e-06,9600.05571095,0.2,alfa,PZM,BTC,sell,2.19e-06,760.14216956,0.2,793.235807860262,22340.27017956,760.14216956,0.0017407255682924,760.14216956,758.6218852208799,0.0016580591647764598,-8.266640351594018e-05,-4.748962445414843
83,alfa,BTC,PZM,buy,2.29e-06,9600.05571095,0.2,alfa,PZM,BTC,sell,2.18e-06,3729.55960075,0.2,793.235807860262,22340.27017956,793.235807860262,0.00181651,793.235807860262,791.6493362445415,0.0017223439619070743,-9.416603809292564e-05,-5.183898689956325
84,alfa,BTC,PZM,buy,2.29e-06,9600.05571095,0.2,hot,PZM,BTC,sell,2.3e-06,19.42,0.06,793.235807860262,0.2532381,0.2532381,5.799152490000001e-07,0.2532381,0.2527316238,5.809339650991561e-07,1.018716099155999e-09,0.17566637554585132
85,alfa,BTC,PZM,buy,2.29e-06,9600.05571095,0.2,hot,PZM,BTC,sell,2.28e-06,81.21000000000002,0.06,793.235807860262,0.2532381,0.2532381,5.799152490000001e-07,0.2532381,0.2527316238,5.758823654026417e-07,-4.032883597358385e-09,-0.6954263755458489
86,alfa,BTC,PZM,buy,2.29e-06,9600.05571095,0.2,hot,PZM,BTC,sell,2.25e-06,152.61,0.06,793.235807860262,0.2532381,0.2532381,5.799152490000001e-07,0.2532381,0.2527316238,5.6830496585787e-07,-1.1610283142130067e-08,-2.0020655021834175
87,alfa,BTC,PZM,buy,2.29e-06,9600.05571095,0.2,hot,PZM,BTC,sell,2.23e-06,208.22000000000003,0.06,793.235807860262,0.2532381,0.2532381,5.799152490000001e-07,0.2532381,0.2527316238,5.632533661613556e-07,-1.6661882838644452e-08,-2.8731582532751174
88,alfa,BTC,PZM,buy,2.29e-06,9600.05571095,0.2,hot,PZM,BTC,sell,2.21e-06,279.62,0.06,793.235807860262,0.2532381,0.2532381,5.799152490000001e-07,0.2532381,0.2527316238,5.582017664648413e-07,-2.1713482535158836e-08,-3.744251004366818
89,alfa,BTC,PZM,buy,2.29e-06,9600.05571095,0.2,live,PZM,BTC,sell,2.17e-06,1354.04198709,0.18,793.235807860262,12549.45140858,793.235807860262,0.00181651,793.235807860262,791.6493362445415,0.0017147868773432838,-0.00010172312265671613,-5.599920873362444
90,alfa,BTC,PZM,buy,2.29e-06,9600.05571095,0.2,live,PZM,BTC,sell,2.16e-06,2482.41257418,0.18,793.235807860262,12549.45140858,793.235807860262,0.00181651,793.235807860262,791.6493362445415,0.0017068846336688909,-0.00010962536633110902,-6.034944279475975
91,alfa,BTC,PZM,buy,2.29e-06,9600.05571095,0.2,live,PZM,BTC,sell,2.14e-06,19664.78852311,0.18,793.235807860262,12549.45140858,793.235807860262,0.00181651,793.235807860262,791.6493362445415,0.0016910801463201047,-0.00012542985367989526,-6.904991091703061
92,alfa,BTC,PZM,buy,2.29e-06,9600.05571095,0.2,live,PZM,BTC,sell,2.13e-06,20111.18838364,0.18,793.235807860262,12549.45140858,793.235807860262,0.00181651,793.235807860262,791.6493362445415,0.0016831779026457118,-0.00013333209735428815,-7.340014497816591
93,alfa,BTC,PZM,buy,2.29e-06,9600.05571095,0.2,live,PZM,BTC,sell,2.12e-06,24967.02828364,0.18,793.235807860262,12549.45140858,793.235807860262,0.00181651,793.235807860262,791.6493362445415,0.0016752756589713189,-0.00014123434102868105,-7.775037903930122
94,alfa,BTC,PZM,buy,2.3e-06,14962.05571095,0.2,alfa,PZM,BTC,sell,2.22e-06,279.95495495,0.2,789.7869565217391,22340.27017956,279.95495495,0.000643896396385,279.95495495,279.3950450401,0.0006190164859890439,-2.4879910395956108e-05,-3.863961739130444
95,alfa,BTC,PZM,buy,2.3e-06,14962.05571095,0.2,alfa,PZM,BTC,sell,2.19e-06,760.14216956,0.2,789.7869565217391,22340.27017956,760.14216956,0.001748326989988,760.14216956,758.6218852208799,0.0016580591647764598,-9.026782521154015e-05,-5.163097391304342
96,alfa,BTC,PZM,buy,2.3e-06,14962.05571095,0.2,alfa,PZM,BTC,sell,2.18e-06,3729.55960075,0.2,789.7869565217391,22340.27017956,789.7869565217391,0.00181651,789.7869565217391,788.2073826086955,0.0017148555098987822,-0.0001016544901012177,-5.59614260869567
97,alfa,BTC,PZM,buy,2.3e-06,14962.05571095,0.2,hot,PZM,BTC,sell,2.3e-06,19.42,0.06,789.7869565217391,0.2532381,0.2532381,5.8244763e-07,0.2532381,0.2527316238,5.809339650991561e-07,-1.513664900843913e-09,-0.25987999999998507
98,alfa,BTC,PZM,buy,2.3e-06,14962.05571095,0.2,hot,PZM,BTC,sell,2.28e-06,81.21000000000002,0.06,789.7869565217391,0.2532381,0.2532381,5.8244763e-07,0.2532381,0.2527316238,5.758823654026417e-07,-6.565264597358297e-09,-1.1271853913043302
99,alfa,BTC,PZM,buy,2.3e-06,14962.05571095,0.2,hot,PZM,BTC,sell,2.25e-06,152.61,0.06,789.7869565217391,0.2532381,0.2532381,5.8244763e-07,0.2532381,0.2527316238,5.6830496585787e-07,-1.414266414212998e-08,-2.428143478260866
100,alfa,BTC,PZM,buy,2.3e-06,14962.05571095,0.2,hot,PZM,BTC,sell,2.23e-06,208.22000000000003,0.06,789.7869565217391,0.2532381,0.2532381,5.8244763e-07,0.2532381,0.2527316238,5.632533661613556e-07,-1.9194263838644364e-08,-3.295448869565211
101,alfa,BTC,PZM,buy,2.3e-06,14962.05571095,0.2,hot,PZM,BTC,sell,2.21e-06,279.62,0.06,789.7869565217391,0.2532381,0.2532381,5.8244763e-07,0.2532381,0.2527316238,5.582017664648413e-07,-2.4245863535158748e-08,-4.162754260869557
102,alfa,BTC,PZM,buy,2.3e-06,14962.05571095,0.2,live,PZM,BTC,sell,2.17e-06,1354.04198709,0.18,789.7869565217391,12549.45140858,789.7869565217391,0.00181651,789.7869565217391,788.2073826086955,0.0017073312822243997,-0.00010917871777560016,-6.010356000000009
103,alfa,BTC,PZM,buy,2.3e-06,14962.05571095,0.2,live,PZM,BTC,sell,2.16e-06,2482.41257418,0.18,789.7869565217391,12549.45140858,789.7869565217391,0.00181651,789.7869565217391,788.2073826086955,0.0016994633961312,-0.0001170466038688,-6.443488
104,alfa,BTC,PZM,buy,2.3e-06,14962.05571095,0.2,live,PZM,BTC,sell,2.14e-06,19664.78852311,0.18,789.7869565217391,12549.45140858,789.7869565217391,0.00181651,789.7869565217391,788.2073826086955,0.0016837276239447998,-0.00013278237605520013,-7.309752000000007
105,alfa,BTC,PZM,buy,2.3e-06,14962.05571095,0.2,live,PZM,BTC,sell,2.13e-06,20111.18838364,0.18,789.7869565217391,12549.45140858,789.7869565217391,0.00181651,789.7869565217391,788.2073826086955,0.0016758597378515997,-0.00014065026214840019,-7.742884000000011
106,alfa,BTC,PZM,buy,2.3e-06,14962.05571095,0.2,live,PZM,BTC,sell,2.12e-06,24967.02828364,0.18,789.7869565217391,12549.45140858,789.7869565217391,0.00181651,789.7869565217391,788.2073826086955,0.0016679918517583999,-0.00014851814824160003,-8.176016000000002
107,hot,BTC,PZM,buy,2.33e-06,108.38,0.06,alfa,PZM,BTC,sell,2.22e-06,279.95495495,0.2,25683.29750815451,22340.27017956,108.38,0.00025267691524,108.38,108.38,0.00024012239279999997,-1.255452244000005e-05,-4.968606818741392
108,hot,BTC,PZM,buy,2.33e-06,108.38,0.06,alfa,PZM,BTC,sell,2.19e-06,760.14216956,0.2,25683.29750815451,22340.27017956,108.38,0.00025267691524,108.38,108.38,0.0002368774956,-1.579941964000001e-05,-6.252814834704331
109,hot,BTC,PZM,buy,2.33e-06,108.38,0.06,alfa,PZM,BTC,sell,2.18e-06,3729.55960075,0.2,25683.29750815451,22340.27017956,108.38,0.00025267691524,108.38,108.38,0.0002357958632,-1.6881052040000025e-05,-6.680884173358654
110,hot,BTC,PZM,buy,2.33e-06,108.38,0.06,hot,PZM,BTC,sell,2.3e-06,19.42,0.06,25683.29750815451,0.2532381,0.2532381,5.903987998638e-07,0.2532381,0.2532381,5.82098161422e-07,-8.300638441800077e-09,-1.4059375533478324
111,hot,BTC,PZM,buy,2.33e-06,108.38,0.06,hot,PZM,BTC,sell,2.28e-06,81.21000000000002,0.06,25683.29750815451,0.2532381,0.2532381,5.903987998638e-07,0.2532381,0.2532381,5.770364382792e-07,-1.3362361584600008e-08,-2.26327722679697
112,hot,BTC,PZM,buy,2.33e-06,108.38,0.06,hot,PZM,BTC,sell,2.25e-06,152.61,0.06,25683.29750815451,0.2532381,0.2532381,5.903987998638e-07,0.2532381,0.2532381,5.69443853565e-07,-2.095494629880001e-08,-3.549286736970695
113,hot,BTC,PZM,buy,2.33e-06,108.38,0.06,hot,PZM,BTC,sell,2.23e-06,208.22000000000003,0.06,25683.29750815451,0.2532381,0.2532381,5.903987998638e-07,0.2532381,0.2532381,5.643821304222e-07,-2.601666944160005e-08,-4.40662641041985
114,hot,BTC,PZM,buy,2.33e-06,108.38,0.06,hot,PZM,BTC,sell,2.21e-06,279.62,0.06,25683.29750815451,0.2532381,0.2532381,5.903987998638e-07,0.2532381,0.2532381,5.593204072794001e-07,-3.107839258439998e-08,-5.263966083868988
115,hot,BTC,PZM,buy,2.33e-06,108.38,0.06,live,PZM,BTC,sell,2.17e-06,1354.04198709,0.18,25683.29750815451,12549.45140858,108.38,0.00025267691524,108.38,108.38,0.00023476126771999998,-1.7915647520000042e-05,-7.090338071835027
116,hot,BTC,PZM,buy,2.33e-06,108.38,0.06,live,PZM,BTC,sell,2.16e-06,2482.41257418,0.18,25683.29750815451,12549.45140858,108.38,0.00025267691524,108.38,108.38,0.00023367941856,-1.8997496680000006e-05,-7.518493195927939
117,hot,BTC,PZM,buy,2.33e-06,108.38,0.06,live,PZM,BTC,sell,2.14e-06,19664.78852311,0.18,25683.29750815451,12549.45140858,108.38,0.00025267691524,108.38,108.38,0.00023151572023999997,-2.1161195000000044e-05,-8.374803444113805
118,hot,BTC,PZM,buy,2.33e-06,108.38,0.06,live,PZM,BTC,sell,2.13e-06,20111.18838364,0.18,25683.29750815451,12549.45140858,108.38,0.00025267691524,108.38,108.38,0.00023043387107999998,-2.2243044160000035e-05,-8.802958568206728
119,hot,BTC,PZM,buy,2.33e-06,108.38,0.06,live,PZM,BTC,sell,2.12e-06,24967.02828364,0.18,25683.29750815451,12549.45140858,108.38,0.00025267691524,108.38,108.38,0.00022935202192,-2.3324893320000027e-05,-9.231113692299651
120,hot,BTC,PZM,buy,2.34e-06,2150.99,0.06,alfa,PZM,BTC,sell,2.22e-06,279.95495495,0.2,25573.53982649573,22340.27017956,279.95495495,0.0006554876513397498,279.95495495,279.95495495,0.0006202569999890219,-3.523065135072783e-05,-5.374723883618551
121,hot,BTC,PZM,buy,2.34e-06,2150.99,0.06,alfa,PZM,BTC,sell,2.19e-06,760.14216956,0.2,25573.53982649573,22340.27017956,760.14216956,0.0017797999163764622,760.14216956,760.14216956,0.0016613819286337272,-0.00011841798774273504,-6.653443831137215
122,hot,BTC,PZM,buy,2.34e-06,2150.99,0.06,alfa,PZM,BTC,sell,2.18e-06,3729.55960075,0.2,25573.53982649573,22340.27017956,2150.99,0.00503633658996,2150.99,2150.99,0.004679779883599999,-0.00035655670636000093,-7.079683813643456
123,hot,BTC,PZM,buy,2.34e-06,2150.99,0.06,hot,PZM,BTC,sell,2.3e-06,19.42,0.06,25573.53982649573,0.2532381,0.2532381,5.929327002924001e-07,0.2532381,0.2532381,5.82098161422e-07,-1.0834538870400147e-08,-1.8272797005557593
124,hot,BTC,PZM,buy,2.34e-06,2150.99,0.06,hot,PZM,BTC,sell,2.28e-06,81.21000000000002,0.06,25573.53982649573,0.2532381,0.2532381,5.929327002924001e-07,0.2532381,0.2532381,5.770364382792e-07,-1.589626201320008e-08,-2.680955529246567
125,hot,BTC,PZM,buy,2.34e-06,2150.99,0.06,hot,PZM,BTC,sell,2.25e-06,152.61,0.06,25573.53982649573,0.2532381,0.2532381,5.929327002924001e-07,0.2532381,0.2532381,5.69443853565e-07,-2.3488846727400082e-08,-3.9614692722827973
126,hot,BTC,PZM,buy,2.34e-06,2150.99,0.06,hot,PZM,BTC,sell,2.23e-06,208.22000000000003,0.06,25573.53982649573,0.2532381,0.2532381,5.929327002924001e-07,0.2532381,0.2532381,5.643821304222e-07,-2.855056987020012e-08,-4.8151451009736235
127,hot,BTC,PZM,buy,2.34e-06,2150.99,0.06,hot,PZM,BTC,sell,2.21e-06,279.62,0.06,25573.53982649573,0.2532381,0.2532381,5.929327002924001e-07,0.2532381,0.2532381,5.593204072794001e-07,-3.361229301300005e-08,-5.668820929664431
128,hot,BTC,PZM,buy,2.34e-06,2150.99,0.06,live,PZM,BTC,sell,2.17e-06,1354.04198709,0.18,25573.53982649573,12549.45140858,1354.04198709,0.0031703593247404743,1354.04198709,1354.04198709,0.0029329822239837263,-0.00023737710075674798,-7.487387909134864
129,hot,BTC,PZM,buy,2.34e-06,2150.99,0.06,live,PZM,BTC,sell,2.16e-06,2482.41257418,0.18,25573.53982649573,12549.45140858,2150.99,0.00503633658996,2150.99,2150.99,0.00463777535088,-0.0003985612390800001,-7.913713310475255
130,hot,BTC,PZM,buy,2.34e-06,2150.99,0.06,live,PZM,BTC,sell,2.14e-06,19664.78852311,0.18,25573.53982649573,12549.45140858,2150.99,0.00503633658996,2150.99,2150.99,0.0045948329865199995,-0.00044150360344000043,-8.766364113156047
131,hot,BTC,PZM,buy,2.34e-06,2150.99,0.06,live,PZM,BTC,sell,2.13e-06,20111.18838364,0.18,25573.53982649573,12549.45140858,2150.99,0.00503633658996,2150.99,2150.99,0.004573361804339999,-0.000462974785620001,-9.19268951449645
132,hot,BTC,PZM,buy,2.34e-06,2150.99,0.06,live,PZM,BTC,sell,2.12e-06,24967.02828364,0.18,25573.53982649573,12549.45140858,2150.99,0.00503633658996,2150.99,2150.99,0.00455189062216,-0.0004844459677999999,-9.619014915836821
133,hot,BTC,PZM,buy,2.35e-06,2232.69,0.06,alfa,PZM,BTC,sell,2.22e-06,279.95495495,0.2,25464.716252765957,22340.27017956,279.95495495,0.0006582888806189795,279.95495495,279.95495495,0.0006202569999890219,-3.803188062995752e-05,-5.777384633049961
134,hot,BTC,PZM,buy,2.35e-06,2232.69,0.06,alfa,PZM,BTC,sell,2.19e-06,760.14216956,0.2,25464.716252765957,22340.27017956,760.14216956,0.0017874058989250793,760.14216956,760.14216956,0.0016613819286337272,-0.0001260239702913521,-7.050663219089808
135,hot,BTC,PZM,buy,2.35e-06,2232.69,0.06,alfa,PZM,BTC,sell,2.18e-06,3729.55960075,0.2,25464.716252765957,22340.27017956,2232.69,0.0052499695929,2232.69,2232.69,0.0048575296716,-0.00039243992130000033,-7.47508941443645
136,hot,BTC,PZM,buy,2.35e-06,2232.69,0.06,hot,PZM,BTC,sell,2.3e-06,19.42,0.06,25464.716252765957,0.2532381,0.2532381,5.95466600721e-07,0.2532381,0.2532381,5.82098161422e-07,-1.3368439299000005e-08,-2.2450359571491156
137,hot,BTC,PZM,buy,2.35e-06,2232.69,0.06,hot,PZM,BTC,sell,2.28e-06,81.21000000000002,0.06,25464.716252765957,0.2532381,0.2532381,5.95466600721e-07,0.2532381,0.2532381,5.770364382792e-07,-1.8430162441799937e-08,-3.0950791227391123
138,hot,BTC,PZM,buy,2.35e-06,2232.69,0.06,hot,PZM,BTC,sell,2.25e-06,152.61,0.06,25464.716252765957,0.2532381,0.2532381,5.95466600721e-07,0.2532381,0.2532381,5.69443853565e-07,-2.602274715599994e-08,-4.3701438711241245
139,hot,BTC,PZM,buy,2.35e-06,2232.69,0.06,hot,PZM,BTC,sell,2.23e-06,208.22000000000003,0.06,25464.716252765957,0.2532381,0.2532381,5.95466600721e-07,0.2532381,0.2532381,5.643821304222e-07,-3.108447029879998e-08,-5.2201870367141385
140,hot,BTC,PZM,buy,2.35e-06,2232.69,0.06,hot,PZM,BTC,sell,2.21e-06,279.62,0.06,25464.716252765957,0.2532381,0.2532381,5.95466600721e-07,0.2532381,0.2532381,5.593204072794001e-07,-3.614619344159991e-08,-6.070230202304135
141,hot,BTC,PZM,buy,2.35e-06,2232.69,0.06,live,PZM,BTC,sell,2.17e-06,1354.04198709,0.18,25464.716252765957,12549.45140858,1354.04198709,0.003183907868863297,1354.04198709,1354.04198709,0.0029329822239837263,-0.0002509256448795707,-7.881058598883231
142,hot,BTC,PZM,buy,2.35e-06,2232.69,0.06,live,PZM,BTC,sell,2.16e-06,2482.41257418,0.18,25464.716252765957,12549.45140858,2232.69,0.0052499695929,2232.69,2232.69,0.00481392970128,-0.0004360398916200001,-8.305569849579616
143,hot,BTC,PZM,buy,2.35e-06,2232.69,0.06,live,PZM,BTC,sell,2.14e-06,19664.78852311,0.18,25464.716252765957,12549.45140858,2232.69,0.0052499695929,2232.69,2232.69,0.00476935627812,-0.0004806133147800002,-9.154592350972399
144,hot,BTC,PZM,buy,2.35e-06,2232.69,0.06,live,PZM,BTC,sell,2.13e-06,20111.18838364,0.18,25464.716252765957,12549.45140858,2232.69,0.0052499695929,2232.69,2232.69,0.004747069566539999,-0.0005029000263600007,-9.5791036016688
145,hot,BTC,PZM,buy,2.35e-06,2232.69,0.06,live,PZM,BTC,sell,2.12e-06,24967.02828364,0.18,25464.716252765957,12549.45140858,2232.69,0.0052499695929,2232.69,2232.69,0.004724782854960001,-0.0005251867379399994,-10.003614852365166
146,hot,BTC,PZM,buy,2.38e-06,2297.22,0.06,alfa,PZM,BTC,sell,2.22e-06,279.95495495,0.2,25143.732434453785,22340.27017956,279.95495495,0.0006666925684566685,279.95495495,279.95495495,0.0006202569999890219,-4.64355684676466e-05,-6.965064658683781
147,hot,BTC,PZM,buy,2.38e-06,2297.22,0.06,alfa,PZM,BTC,sell,2.19e-06,760.14216956,0.2,25143.732434453785,22340.27017956,760.14216956,0.0018102238465709315,760.14216956,760.14216956,0.0016613819286337272,-0.00014884191793720436,-8.222293514647507
148,hot,BTC,PZM,buy,2.38e-06,2297.22,0.06,alfa,PZM,BTC,sell,2.18e-06,3729.55960075,0.2,25143.732434453785,22340.27017956,2297.22,0.00547066403016,2297.22,2297.22,0.0049979237208,-0.00047274030935999956,-8.641369799968752
149,hot,BTC,PZM,buy,2.38e-06,2297.22,0.06,hot,PZM,BTC,sell,2.3e-06,19.42,0.06,25143.732434453785,0.2532381,0.2532381,6.030683020068001e-07,0.2532381,0.2532381,5.82098161422e-07,-2.097014058480011e-08,-3.477241386260698
150,hot,BTC,PZM,buy,2.38e-06,2297.22,0.06,hot,PZM,BTC,sell,2.28e-06,81.21000000000002,0.06,25143.732434453785,0.2532381,0.2532381,6.030683020068001e-07,0.2532381,0.2532381,5.770364382792e-07,-2.603186372760004e-08,-4.316569722032333
151,hot,BTC,PZM,buy,2.38e-06,2297.22,0.06,hot,PZM,BTC,sell,2.25e-06,152.61,0.06,25143.732434453785,0.2532381,0.2532381,6.030683020068001e-07,0.2532381,0.2532381,5.69443853565e-07,-3.3624448441800045e-08,-5.5755622256898025
152,hot,BTC,PZM,buy,2.38e-06,2297.22,0.06,hot,PZM,BTC,sell,2.23e-06,208.22000000000003,0.06,25143.732434453785,0.2532381,0.2532381,6.030683020068001e-07,0.2532381,0.2532381,5.643821304222e-07,-3.868617158460008e-08,-6.414890561461455
153,hot,BTC,PZM,buy,2.38e-06,2297.22,0.06,hot,PZM,BTC,sell,2.21e-06,279.62,0.06,25143.732434453785,0.2532381,0.2532381,6.030683020068001e-07,0.2532381,0.2532381,5.593204072794001e-07,-4.3747894727400014e-08,-7.25421889723309
154,hot,BTC,PZM,buy,2.38e-06,2297.22,0.06,live,PZM,BTC,sell,2.17e-06,1354.04198709,0.18,25143.732434453785,12549.45140858,1354.04198709,0.0032245535012317647,1354.04198709,1354.04198709,0.0029329822239837263,-0.00029157127724803835,-9.042221725788064
155,hot,BTC,PZM,buy,2.38e-06,2297.22,0.06,live,PZM,BTC,sell,2.16e-06,2482.41257418,0.18,25143.732434453785,12549.45140858,2297.22,0.00547066403016,2297.22,2297.22,0.004953063608639999,-0.0005176004215200003,-9.46138199433282
156,hot,BTC,PZM,buy,2.38e-06,2297.22,0.06,live,PZM,BTC,sell,2.14e-06,19664.78852311,0.18,25143.732434453785,12549.45140858,2297.22,0.00547066403016,2297.22,2297.22,0.00490720190856,-0.0005634621215999999,-10.299702531422321
157,hot,BTC,PZM,buy,2.38e-06,2297.22,0.06,live,PZM,BTC,sell,2.13e-06,20111.18838364,0.18,25143.732434453785,12549.45140858,2297.22,0.00547066403016,2297.22,2297.22,0.0048842710585199995,-0.00058639297164,-10.71886279996708
158,hot,BTC,PZM,buy,2.38e-06,2297.22,0.06,live,PZM,BTC,sell,2.12e-06,24967.02828364,0.18,25143.732434453785,12549.45140858,2297.22,0.00547066403016,2297.22,2297.22,0.00486134020848,-0.0006093238216799994,-11.138023068511824
159,hot,BTC,PZM,buy,2.4e-06,28467.24,0.06,alfa,PZM,BTC,sell,2.22e-06,279.95495495,0.2,24934.201330833337,22340.27017956,279.95495495,0.0006722950270151279,279.95495495,279.95495495,0.0006202569999890219,-5.203802702610598e-05,-7.740355786528082
160,hot,BTC,PZM,buy,2.4e-06,28467.24,0.06,alfa,PZM,BTC,sell,2.19e-06,760.14216956,0.2,24934.201330833337,22340.27017956,760.14216956,0.0018254358116681663,760.14216956,760.14216956,0.0016613819286337272,-0.00016405388303443913,-8.987107735358782
161,hot,BTC,PZM,buy,2.4e-06,28467.24,0.06,alfa,PZM,BTC,sell,2.18e-06,3729.55960075,0.2,24934.201330833337,22340.27017956,3729.55960075,0.00895631360762508,3729.55960075,3729.55960075,0.00811417904977573,-0.0008421345578493496,-9.402691718302348
162,hot,BTC,PZM,buy,2.4e-06,28467.24,0.06,hot,PZM,BTC,sell,2.3e-06,19.42,0.06,24934.201330833337,0.2532381,0.2532381,6.08136102864e-07,0.2532381,0.2532381,5.82098161422e-07,-2.603794144200004e-08,-4.281597708041848
163,hot,BTC,PZM,buy,2.4e-06,28467.24,0.06,hot,PZM,BTC,sell,2.28e-06,81.21000000000002,0.06,24934.201330833337,0.2532381,0.2532381,6.08136102864e-07,0.2532381,0.2532381,5.770364382792e-07,-3.109966458479997e-08,-5.113931641015386
164,hot,BTC,PZM,buy,2.4e-06,28467.24,0.06,hot,PZM,BTC,sell,2.25e-06,152.61,0.06,24934.201330833337,0.2532381,0.2532381,6.08136102864e-07,0.2532381,0.2532381,5.69443853565e-07,-3.8692249298999973e-08,-6.36243254047571
165,hot,BTC,PZM,buy,2.4e-06,28467.24,0.06,hot,PZM,BTC,sell,2.23e-06,208.22000000000003,0.06,24934.201330833337,0.2532381,0.2532381,6.08136102864e-07,0.2532381,0.2532381,5.643821304222e-07,-4.375397244180001e-08,-7.194766473449265
166,hot,BTC,PZM,buy,2.4e-06,28467.24,0.06,hot,PZM,BTC,sell,2.21e-06,279.62,0.06,24934.201330833337,0.2532381,0.2532381,6.08136102864e-07,0.2532381,0.2532381,5.593204072794001e-07,-4.881569558459994e-08,-8.027100406422804
167,hot,BTC,PZM,buy,2.4e-06,28467.24,0.06,live,PZM,BTC,sell,2.17e-06,1354.04198709,0.18,24934.201330833337,12549.45140858,1354.04198709,0.0032516505894774096,1354.04198709,1354.04198709,0.0029329822239837263,-0.0003186683654936833,-9.800203211406494
168,hot,BTC,PZM,buy,2.4e-06,28467.24,0.06,live,PZM,BTC,sell,2.16e-06,2482.41257418,0.18,24934.201330833337,12549.45140858,2482.41257418,0.005961364852138818,2482.41257418,2482.41257418,0.005352359540140388,-0.0006090053119984298,-10.215870477713354
169,hot,BTC,PZM,buy,2.4e-06,28467.24,0.06,live,PZM,BTC,sell,2.14e-06,19664.78852311,0.18,24934.201330833337,12549.45140858,12549.45140858,0.030136754590620353,12549.45140858,12549.45140858,0.026807485527535348,-0.0033292690630850053,-11.047205010327138
170,hot,BTC,PZM,buy,2.4e-06,28467.24,0.06,live,PZM,BTC,sell,2.13e-06,20111.18838364,0.18,24934.201330833337,12549.45140858,12549.45140858,0.030136754590620353,12549.45140858,12549.45140858,0.026682216903574904,-0.003454537687045449,-11.462872276634013
171,hot,BTC,PZM,buy,2.4e-06,28467.24,0.06,live,PZM,BTC,sell,2.12e-06,24967.02828364,0.18,24934.201330833337,12549.45140858,12549.45140858,0.030136754590620353,12549.45140858,12549.45140858,0.02655694827961446,-0.0035798063110058925,-11.87853954294089
172,live,BTC,PZM,buy,2.27e-06,394.75068674,0.18,alfa,PZM,BTC,sell,2.22e-06,279.95495495,0.2,17853.088430837004,22340.27017956,279.95495495,0.0006366416436824257,279.95495495,279.95495495,0.0006202569999890219,-1.638464369340374e-05,-2.5736053957502105
173,live,BTC,PZM,buy,2.27e-06,394.75068674,0.18,alfa,PZM,BTC,sell,2.19e-06,760.14216956,0.2,17853.088430837004,22340.27017956,394.75068674,0.0008976970102058196,394.75068674,394.75068674,0.0008627749959526789,-3.4922014253140716e-05,-3.8901782958076203
174,live,BTC,PZM,buy,2.27e-06,394.75068674,0.18,alfa,PZM,BTC,sell,2.18e-06,3729.55960075,0.2,17853.088430837004,22340.27017956,394.75068674,0.0008976970102058196,394.75068674,394.75068674,0.0008588353840990135,-3.886162610680611e-05,-4.329035929160119
175,live,BTC,PZM,buy,2.27e-06,394.75068674,0.18,hot,PZM,BTC,sell,2.3e-06,19.42,0.06,17853.088430837004,0.2532381,0.2532381,5.758852178766e-07,0.2532381,0.2532381,5.82098161422e-07,6.2129435453999445e-09,1.0788510197063692
176,live,BTC,PZM,buy,2.27e-06,394.75068674,0.18,hot,PZM,BTC,sell,2.28e-06,81.21000000000002,0.06,17853.088430837004,0.2532381,0.2532381,5.758852178766e-07,0.2532381,0.2532381,5.770364382792e-07,1.151220402600013e-09,0.19990448910023853
177,live,BTC,PZM,buy,2.27e-06,394.75068674,0.18,hot,PZM,BTC,sell,2.25e-06,152.61,0.06,17853.088430837004,0.2532381,0.2532381,5.758852178766e-07,0.2532381,0.2532381,5.69443853565e-07,-6.44136431159999e-09,-1.1185153068089755
178,live,BTC,PZM,buy,2.27e-06,394.75068674,0.18,hot,PZM,BTC,sell,2.23e-06,208.22000000000003,0.06,17853.088430837004,0.2532381,0.2532381,5.758852178766e-07,0.2532381,0.2532381,5.643821304222e-07,-1.1503087454400028e-08,-1.9974618374151245
179,live,BTC,PZM,buy,2.27e-06,394.75068674,0.18,hot,PZM,BTC,sell,2.21e-06,279.62,0.06,17853.088430837004,0.2532381,0.2532381,5.758852178766e-07,0.2532381,0.2532381,5.593204072794001e-07,-1.656481059719996e-08,-2.876408368021255
180,live,BTC,PZM,buy,2.27e-06,394.75068674,0.18,live,PZM,BTC,sell,2.17e-06,1354.04198709,0.18,17853.088430837004,12549.45140858,394.75068674,0.0008976970102058196,394.75068674,394.75068674,0.0008550670940433935,-4.262991616242617e-05,-4.748808972044164
181,live,BTC,PZM,buy,2.27e-06,394.75068674,0.18,live,PZM,BTC,sell,2.16e-06,2482.41257418,0.18,17853.088430837004,12549.45140858,394.75068674,0.0008976970102058196,394.75068674,394.75068674,0.0008511266926883548,-4.6570317517464804e-05,-5.187754552818149
182,live,BTC,PZM,buy,2.27e-06,394.75068674,0.18,live,PZM,BTC,sell,2.14e-06,19664.78852311,0.18,17853.088430837004,12549.45140858,394.75068674,0.0008976970102058196,394.75068674,394.75068674,0.0008432458899782774,-5.445112022754218e-05,-6.065645714366131
183,live,BTC,PZM,buy,2.27e-06,394.75068674,0.18,live,PZM,BTC,sell,2.13e-06,20111.18838364,0.18,17853.088430837004,12549.45140858,394.75068674,0.0008976970102058196,394.75068674,394.75068674,0.0008393054886232388,-5.8391521582580814e-05,-6.504591295140115
184,live,BTC,PZM,buy,2.27e-06,394.75068674,0.18,live,PZM,BTC,sell,2.12e-06,24967.02828364,0.18,17853.088430837004,12549.45140858,394.75068674,0.0008976970102058196,394.75068674,394.75068674,0.0008353650872682002,-6.233192293761945e-05,-6.943536875914099
185,live,BTC,PZM,buy,2.3e-06,1594.75068674,0.18,alfa,PZM,BTC,sell,2.22e-06,279.95495495,0.2,17620.22206,22340.27017956,279.95495495,0.000645055409898493,279.95495495,279.95495495,0.0006202569999890219,-2.4798409909471087e-05,-3.8443844558056504
186,live,BTC,PZM,buy,2.3e-06,1594.75068674,0.18,alfa,PZM,BTC,sell,2.19e-06,760.14216956,0.2,17620.22206,22340.27017956,760.14216956,0.0017514739785699782,760.14216956,760.14216956,0.0016613819286337272,-9.009204993625105e-05,-5.1437846658623085
187,live,BTC,PZM,buy,2.3e-06,1594.75068674,0.18,alfa,PZM,BTC,sell,2.18e-06,3729.55960075,0.2,17620.22206,22340.27017956,1594.75068674,0.0036745288473451036,1594.75068674,1594.75068674,0.0034696033840990134,-0.00020492546324609026,-5.576918069214551
188,live,BTC,PZM,buy,2.3e-06,1594.75068674,0.18,hot,PZM,BTC,sell,2.3e-06,19.42,0.06,17620.22206,0.2532381,0.2532381,5.83496035734e-07,0.2532381,0.2532381,5.82098161422e-07,-1.3978743120000497e-09,-0.23956877620284345
189,live,BTC,PZM,buy,2.3e-06,1594.75068674,0.18,hot,PZM,BTC,sell,2.28e-06,81.21000000000002,0.06,17620.22206,0.2532381,0.2532381,5.83496035734e-07,0.2532381,0.2532381,5.770364382792e-07,-6.459597454799981e-09,-1.107050786844546
190,live,BTC,PZM,buy,2.3e-06,1594.75068674,0.18,hot,PZM,BTC,sell,2.25e-06,152.61,0.06,17620.22206,0.2532381,0.2532381,5.83496035734e-07,0.2532381,0.2532381,5.69443853565e-07,-1.4052182168999985e-08,-2.4082738028071184
191,live,BTC,PZM,buy,2.3e-06,1594.75068674,0.18,hot,PZM,BTC,sell,2.23e-06,208.22000000000003,0.06,17620.22206,0.2532381,0.2532381,5.83496035734e-07,0.2532381,0.2532381,5.643821304222e-07,-1.9113905311800022e-08,-3.275755813448839
192,live,BTC,PZM,buy,2.3e-06,1594.75068674,0.18,hot,PZM,BTC,sell,2.21e-06,279.62,0.06,17620.22206,0.2532381,0.2532381,5.83496035734e-07,0.2532381,0.2532381,5.593204072794001e-07,-2.4175628454599954e-08,-4.143237824090542
193,live,BTC,PZM,buy,2.3e-06,1594.75068674,0.18,live,PZM,BTC,sell,2.17e-06,1354.04198709,0.18,17620.22206,12549.45140858,1354.04198709,0.0031199023041335525,1354.04198709,1354.04198709,0.0029329822239837263,-0.00018692008014982615,-5.99121581153923
194,live,BTC,PZM,buy,2.3e-06,1594.75068674,0.18,live,PZM,BTC,sell,2.16e-06,2482.41257418,0.18,17620.22206,12549.45140858,1594.75068674,0.0036745288473451036,1594.75068674,1594.75068674,0.003438461092688355,-0.0002360677546567485,-6.424436015172684
195,live,BTC,PZM,buy,2.3e-06,1594.75068674,0.18,live,PZM,BTC,sell,2.14e-06,19664.78852311,0.18,17620.22206,12549.45140858,1594.75068674,0.0036745288473451036,1594.75068674,1594.75068674,0.0034066234899782773,-0.0002679053573668264,-7.2908764224396165
196,live,BTC,PZM,buy,2.3e-06,1594.75068674,0.18,live,PZM,BTC,sell,2.13e-06,20111.18838364,0.18,17620.22206,12549.45140858,1594.75068674,0.0036745288473451036,1594.75068674,1594.75068674,0.0033907046886232388,-0.0002838241587218649,-7.724096626073071
197,live,BTC,PZM,buy,2.3e-06,1594.75068674,0.18,live,PZM,BTC,sell,2.12e-06,24967.02828364,0.18,17620.22206,12549.45140858,1594.75068674,0.0036745288473451036,1594.75068674,1594.75068674,0.0033747858872682003,-0.00029974296007690337,-8.157316829706525
198,live,BTC,PZM,buy,2.37e-06,1913.96147244,0.18,alfa,PZM,BTC,sell,2.22e-06,279.95495495,0.2,17099.79356033755,22340.27017956,279.95495495,0.0006646875310693167,279.95495495,279.95495495,0.0006202569999890219,-4.443053108029479e-05,-6.6844237334822765
199,live,BTC,PZM,buy,2.37e-06,1913.96147244,0.18,alfa,PZM,BTC,sell,2.19e-06,760.14216956,0.2,17099.79356033755,22340.27017956,760.14216956,0.001804779708352543,760.14216956,760.14216956,0.0016613819286337272,-0.00014339777971881574,-7.945445034381152
200,live,BTC,PZM,buy,2.37e-06,1913.96147244,0.18,alfa,PZM,BTC,sell,2.18e-06,3729.55960075,0.2,17099.79356033755,22340.27017956,1913.96147244,0.00454425364932423,1913.96147244,1913.96147244,0.004164091137899361,-0.00038016251142486846,-8.365785468014137
201,live,BTC,PZM,buy,2.37e-06,1913.96147244,0.18,hot,PZM,BTC,sell,2.3e-06,19.42,0.06,17099.79356033755,0.2532381,0.2532381,6.012546107346002e-07,0.2532381,0.2532381,5.82098161422e-07,-1.9156449312600213e-08,-3.186079403066077
202,live,BTC,PZM,buy,2.37e-06,1913.96147244,0.18,hot,PZM,BTC,sell,2.28e-06,81.21000000000002,0.06,17099.79356033755,0.2532381,0.2532381,6.012546107346002e-07,0.2532381,0.2532381,5.770364382792e-07,-2.4218172455400144e-08,-4.0279395821698385
203,live,BTC,PZM,buy,2.37e-06,1913.96147244,0.18,hot,PZM,BTC,sell,2.25e-06,152.61,0.06,17099.79356033755,0.2532381,0.2532381,6.012546107346002e-07,0.2532381,0.2532381,5.69443853565e-07,-3.181075716960015e-08,-5.2907298508255
204,live,BTC,PZM,buy,2.37e-06,1913.96147244,0.18,hot,PZM,BTC,sell,2.23e-06,208.22000000000003,0.06,17099.79356033755,0.2532381,0.2532381,6.012546107346002e-07,0.2532381,0.2532381,5.643821304222e-07,-3.6872480312400185e-08,-6.132590029929279
205,live,BTC,PZM,buy,2.37e-06,1913.96147244,0.18,hot,PZM,BTC,sell,2.21e-06,279.62,0.06,17099.79356033755,0.2532381,0.2532381,6.012546107346002e-07,0.2532381,0.2532381,5.593204072794001e-07,-4.193420345520012e-08,-6.974450209033041
206,live,BTC,PZM,buy,2.37e-06,1913.96147244,0.18,live,PZM,BTC,sell,2.17e-06,1354.04198709,0.18,17099.79356033755,12549.45140858,1354.04198709,0.0032148558525202263,1354.04198709,1354.04198709,0.0029329822239837263,-0.00028187362853649995,-8.767846568160447
207,live,BTC,PZM,buy,2.37e-06,1913.96147244,0.18,live,PZM,BTC,sell,2.16e-06,2482.41257418,0.18,17099.79356033755,12549.45140858,1913.96147244,0.00454425364932423,1913.96147244,1913.96147244,0.004126715298265553,-0.00041753835105867634,-9.188271238353254
208,live,BTC,PZM,buy,2.37e-06,1913.96147244,0.18,live,PZM,BTC,sell,2.14e-06,19664.78852311,0.18,17099.79356033755,12549.45140858,1913.96147244,0.00454425364932423,1913.96147244,1913.96147244,0.004088504971429761,-0.0004557486778944686,-10.029120578738874
209,live,BTC,PZM,buy,2.37e-06,1913.96147244,0.18,live,PZM,BTC,sell,2.13e-06,20111.18838364,0.18,17099.79356033755,12549.45140858,1913.96147244,0.00454425364932423,1913.96147244,1913.96147244,0.004069399808011865,-0.0004748538413123643,-10.449545248931676
210,live,BTC,PZM,buy,2.37e-06,1913.96147244,0.18,live,PZM,BTC,sell,2.12e-06,24967.02828364,0.18,17099.79356033755,12549.45140858,1913.96147244,0.00454425364932423,1913.96147244,1913.96147244,0.00405029464459397,-0.00049395900473026,-10.869969919124475
211,live,BTC,PZM,buy,2.36e-06,4918.698995700001,0.18,alfa,PZM,BTC,sell,2.22e-06,279.95495495,0.2,17172.25031271186,22340.27017956,279.95495495,0.0006618829423306275,279.95495495,279.95495495,0.0006202569999890219,-4.162594234160557e-05,-6.2890187493021
212,live,BTC,PZM,buy,2.36e-06,4918.698995700001,0.18,alfa,PZM,BTC,sell,2.19e-06,760.14216956,0.2,17172.25031271186,22340.27017956,760.14216956,0.0017971646040978906,760.14216956,760.14216956,0.0016613819286337272,-0.00013578267546416342,-7.555383360798008
213,live,BTC,PZM,buy,2.36e-06,4918.698995700001,0.18,alfa,PZM,BTC,sell,2.18e-06,3729.55960075,0.2,17172.25031271186,22340.27017956,3729.55960075,0.008817603826953985,3729.55960075,3729.55960075,0.00811417904977573,-0.0007034247771782551,-7.9775048979633185
214,live,BTC,PZM,buy,2.36e-06,4918.698995700001,0.18,hot,PZM,BTC,sell,2.3e-06,19.42,0.06,17172.25031271186,0.2532381,0.2532381,5.987176714488e-07,0.2532381,0.2532381,5.82098161422e-07,-1.6619510026800038e-08,-2.7758509259603965
215,live,BTC,PZM,buy,2.36e-06,4918.698995700001,0.18,hot,PZM,BTC,sell,2.28e-06,81.21000000000002,0.06,17172.25031271186,0.2532381,0.2532381,5.987176714488e-07,0.2532381,0.2532381,5.770364382792e-07,-2.168123316959997e-08,-3.621278309212903
216,live,BTC,PZM,buy,2.36e-06,4918.698995700001,0.18,hot,PZM,BTC,sell,2.25e-06,152.61,0.06,17172.25031271186,0.2532381,0.2532381,5.987176714488e-07,0.2532381,0.2532381,5.69443853565e-07,-2.9273817883799973e-08,-4.889419384091681
217,live,BTC,PZM,buy,2.36e-06,4918.698995700001,0.18,hot,PZM,BTC,sell,2.23e-06,208.22000000000003,0.06,17172.25031271186,0.2532381,0.2532381,5.987176714488e-07,0.2532381,0.2532381,5.643821304222e-07,-3.433554102660001e-08,-5.734846767344206
218,live,BTC,PZM,buy,2.36e-06,4918.698995700001,0.18,hot,PZM,BTC,sell,2.21e-06,279.62,0.06,17172.25031271186,0.2532381,0.2532381,5.987176714488e-07,0.2532381,0.2532381,5.593204072794001e-07,-3.939726416939994e-08,-6.580274150596713
219,live,BTC,PZM,buy,2.36e-06,4918.698995700001,0.18,live,PZM,BTC,sell,2.17e-06,1354.04198709,0.18,17172.25031271186,12549.45140858,1354.04198709,0.003201291059893558,1354.04198709,1354.04198709,0.0029329822239837263,-0.0002683088359098319,-8.38126964683908
220,live,BTC,PZM,buy,2.36e-06,4918.698995700001,0.18,live,PZM,BTC,sell,2.16e-06,2482.41257418,0.18,17172.25031271186,12549.45140858,2482.41257418,0.005869038963679916,2482.41257418,2482.41257418,0.005352359540140388,-0.000516679423539528,-8.8034757774988
221,live,BTC,PZM,buy,2.36e-06,4918.698995700001,0.18,live,PZM,BTC,sell,2.14e-06,19664.78852311,0.18,17172.25031271186,12549.45140858,4918.698995700001,0.011629024263185735,4918.698995700001,4918.698995700001,0.010507069022266566,-0.0011219552409191692,-9.647888038818255
222,live,BTC,PZM,buy,2.36e-06,4918.698995700001,0.18,live,PZM,BTC,sell,2.13e-06,20111.18838364,0.18,17172.25031271186,12549.45140858,4918.698995700001,0.011629024263185735,4918.698995700001,4918.698995700001,0.01045797056889149,-0.0011710536942942454,-10.070094169477972
223,live,BTC,PZM,buy,2.36e-06,4918.698995700001,0.18,live,PZM,BTC,sell,2.12e-06,24967.02828364,0.18,17172.25031271186,12549.45140858,4918.698995700001,0.011629024263185735,4918.698995700001,4918.698995700001,0.010408872115516412,-0.0012201521476693233,-10.492300300137703
224,live,BTC,PZM,buy,2.35e-06,7907.006539499999,0.18,alfa,PZM,BTC,sell,2.22e-06,279.95495495,0.2,17245.323718297874,22340.27017956,279.95495495,0.0006590783535919385,279.95495495,279.95495495,0.0006202569999890219,-3.882135360291656e-05,-5.890248616320419
225,live,BTC,PZM,buy,2.35e-06,7907.006539499999,0.18,alfa,PZM,BTC,sell,2.19e-06,760.14216956,0.2,17245.323718297874,22340.27017956,760.14216956,0.0017895494998432385,760.14216956,760.14216956,0.0016613819286337272,-0.00012816757120951133,-7.162002013397148
226,live,BTC,PZM,buy,2.35e-06,7907.006539499999,0.18,alfa,PZM,BTC,sell,2.18e-06,3729.55960075,0.2,17245.323718297874,22340.27017956,3729.55960075,0.00878024109887367,3729.55960075,3729.55960075,0.00811417904977573,-0.0006660620490979412,-7.585919812422732
227,live,BTC,PZM,buy,2.35e-06,7907.006539499999,0.18,hot,PZM,BTC,sell,2.3e-06,19.42,0.06,17245.323718297874,0.2532381,0.2532381,5.96180732163e-07,0.2532381,0.2532381,5.82098161422e-07,-1.4082570741000076e-08,-2.362131142666617
228,live,BTC,PZM,buy,2.35e-06,7907.006539499999,0.18,hot,PZM,BTC,sell,2.28e-06,81.21000000000002,0.06,17245.323718297874,0.2532381,0.2532381,5.96180732163e-07,0.2532381,0.2532381,5.770364382792e-07,-1.9144293883800007e-08,-3.211156089252113
229,live,BTC,PZM,buy,2.35e-06,7907.006539499999,0.18,hot,PZM,BTC,sell,2.25e-06,152.61,0.06,17245.323718297874,0.2532381,0.2532381,5.96180732163e-07,0.2532381,0.2532381,5.69443853565e-07,-2.673687859800001e-08,-4.484693509130375
230,live,BTC,PZM,buy,2.35e-06,7907.006539499999,0.18,hot,PZM,BTC,sell,2.23e-06,208.22000000000003,0.06,17245.323718297874,0.2532381,0.2532381,5.96180732163e-07,0.2532381,0.2532381,5.643821304222e-07,-3.179860174080005e-08,-5.333718455715889
231,live,BTC,PZM,buy,2.35e-06,7907.006539499999,0.18,hot,PZM,BTC,sell,2.21e-06,279.62,0.06,17245.323718297874,0.2532381,0.2532381,5.96180732163e-07,0.2532381,0.2532381,5.593204072794001e-07,-3.686032488359998e-08,-6.182743402301385
232,live,BTC,PZM,buy,2.35e-06,7907.006539499999,0.18,live,PZM,BTC,sell,2.17e-06,1354.04198709,0.18,17245.323718297874,12549.45140858,1354.04198709,0.0031877262672668906,1354.04198709,1354.04198709,0.0029329822239837263,-0.00025474404328316427,-7.9914027091660556
233,live,BTC,PZM,buy,2.35e-06,7907.006539499999,0.18,live,PZM,BTC,sell,2.16e-06,2482.41257418,0.18,17245.323718297874,12549.45140858,2482.41257418,0.005844170154511781,2482.41257418,2482.41257418,0.005352359540140388,-0.0004918106143713928,-8.41540546165837
234,live,BTC,PZM,buy,2.35e-06,7907.006539499999,0.18,live,PZM,BTC,sell,2.14e-06,19664.78852311,0.18,17245.323718297874,12549.45140858,7907.006539499999,0.018614912005487084,7907.006539499999,7907.006539499999,0.016890536205339843,-0.0017243758001472403,-9.263410966643029
235,live,BTC,PZM,buy,2.35e-06,7907.006539499999,0.18,live,PZM,BTC,sell,2.13e-06,20111.18838364,0.18,17245.323718297874,12549.45140858,7907.006539499999,0.018614912005487084,7907.006539499999,7907.006539499999,0.016811608466062552,-0.001803303539424532,-9.687413719135366
236,live,BTC,PZM,buy,2.35e-06,7907.006539499999,0.18,live,PZM,BTC,sell,2.12e-06,24967.02828364,0.18,17245.323718297874,12549.45140858,7907.006539499999,0.018614912005487084,7907.006539499999,7907.006539499999,0.016732680726785264,-0.0018822312787018201,-10.111416471627683
474,alfa,USD,PZM,buy,0.0211,27011.68651444,0.2,hot,PZM,USDT,sell,0.02153356,1122.29,0.06,39823.19581800947,0.2532381,0.2532381,0.00534332391,0.2532381,0.2527316238,0.005438946258043731,9.562234804373106e-05,1.7895667501042631
475,alfa,USD,PZM,buy,0.0211,27011.68651444,0.2,hot,PZM,USDT,sell,0.0215,1446.06,0.06,39823.19581800947,0.2532381,0.2532381,0.00534332391,0.2532381,0.2527316238,0.00543046967375298,8.714576375297954e-05,1.6309279620852994
476,alfa,USD,PZM,buy,0.0211,27011.68651444,0.2,hot,PZM,USDT,sell,0.02132038,3217.98,0.06,39823.19581800947,0.2532381,0.2532381,0.00534332391,0.2532381,0.2527316238,0.005385101256878584,4.17773468785838e-05,0.7818606467108935
477,alfa,USD,PZM,buy,0.0211,27011.68651444,0.2,hot,PZM,USDT,sell,0.02132036,3822.19,0.06,39823.19581800947,0.2532381,0.2532381,0.00534332391,0.2532381,0.2527316238,0.005385096205278888,4.177229527888796e-05,0.7817661063128019
478,alfa,USD,PZM,buy,0.0211,27011.68651444,0.2,hot,PZM,USDT,sell,0.0212,4374.77,0.06,39823.19581800947,0.2532381,0.2532381,0.00534332391,0.2532381,0.2527316238,0.005354695678305265,1.1371768305264499e-05,0.21282199052133632
479,alfa,USD,PZM,buy,0.0213,29348.13510444,0.2,hot,PZM,USDT,sell,0.02153356,1122.29,0.06,39449.269096713615,0.2532381,0.2532381,0.0053939715300000005,0.2532381,0.2527316238,0.005438946258043731,4.497472804373091e-05,0.8337961702910752
480,alfa,USD,PZM,buy,0.0213,29348.13510444,0.2,hot,PZM,USDT,sell,0.0215,1446.06,0.06,39449.269096713615,0.2532381,0.2532381,0.0053939715300000005,0.2532381,0.2527316238,0.00543046967375298,3.64981437529794e-05,0.6766469483567963
481,alfa,USD,PZM,buy,0.0213,29348.13510444,0.2,hot,PZM,USDT,sell,0.02132038,3217.98,0.06,39449.269096713615,0.2532381,0.2532381,0.0053939715300000005,0.2532381,0.2527316238,0.005385101256878584,-8.87027312141634e-06,-0.16444790396245082
482,alfa,USD,PZM,buy,0.0213,29348.13510444,0.2,hot,PZM,USDT,sell,0.02132036,3822.19,0.06,39449.269096713615,0.2532381,0.2532381,0.0053939715300000005,0.2532381,0.2527316238,0.005385096205278888,-8.87532472111218e-06,-0.16454155665727402
483,alfa,USD,PZM,buy,0.0213,29348.13510444,0.2,hot,PZM,USDT,sell,0.0212,4374.77,0.06,39449.269096713615,0.2532381,0.2532381,0.0053939715300000005,0.2532381,0.2527316238,0.005354695678305265,-3.9275851694735645e-05,-0.7281434741783971
484,alfa,USD,PZM,buy,0.0214,77477.97622594,0.2,hot,PZM,USDT,sell,0.02153356,1122.29,0.06,39264.92671775701,0.2532381,0.2532381,0.0054192953400000006,0.2532381,0.2527316238,0.005438946258043731,1.9650918043730842e-05,0.3626102068784987
485,alfa,USD,PZM,buy,0.0214,77477.97622594,0.2,hot,PZM,USDT,sell,0.0215,1446.06,0.06,39264.92671775701,0.2532381,0.2532381,0.0054192953400000006,0.2532381,0.2527316238,0.00543046967375298,1.1174333752979326e-05,0.2061953271027913
486,alfa,USD,PZM,buy,0.0214,77477.97622594,0.2,hot,PZM,USDT,sell,0.02132038,3217.98,0.06,39264.92671775701,0.2532381,0.2532381,0.0054192953400000006,0.2532381,0.2527316238,0.005385101256878584,-3.419408312141641e-05,-0.6309691754392631
487,alfa,USD,PZM,buy,0.0214,77477.97622594,0.2,hot,PZM,USDT,sell,0.02132036,3822.19,0.06,39264.92671775701,0.2532381,0.2532381,0.0054192953400000006,0.2532381,0.2527316238,0.005385096205278888,-3.419913472111225e-05,-0.6310623905046712
488,alfa,USD,PZM,buy,0.0214,77477.97622594,0.2,hot,PZM,USDT,sell,0.0212,4374.77,0.06,39264.92671775701,0.2532381,0.2532381,0.0054192953400000006,0.2532381,0.2527316238,0.005354695678305265,-6.459966169473572e-05,-1.1920306542056023
489,live,USD,PZM,buy,0.02129,140.9376,0.18,hot,PZM,USDT,sell,0.02153356,1122.29,0.06,0.2546605589478628,0.2532381,0.2532381,0.0054011437394682,0.2532381,0.2532381,0.005449845949943619,4.870221047541864e-05,0.9017018028891393
490,live,USD,PZM,buy,0.02129,140.9376,0.18,hot,PZM,USDT,sell,0.0215,1446.06,0.06,0.2546605589478628,0.2532381,0.2532381,0.0054011437394682,0.2532381,0.2532381,0.005441352378509999,4.020863904179942e-05,0.7444467501944022
491,live,USD,PZM,buy,0.02129,140.9376,0.18,hot,PZM,USDT,sell,0.02132038,3217.98,0.06,0.2546605589478628,0.2532381,0.2532381,0.0054011437394682,0.2532381,0.2532381,0.005395893042964514,-5.2506965036863695e-06,-0.09721453005069175
492,live,USD,PZM,buy,0.02129,140.9376,0.18,hot,PZM,USDT,sell,0.02132036,3822.19,0.06,0.2546605589478628,0.2532381,0.2532381,0.0054011437394682,0.2532381,0.2532381,0.005395887981241371,-5.255758226828562e-06,-0.0973082458150993
493,live,USD,PZM,buy,0.02129,140.9376,0.18,hot,PZM,USDT,sell,0.0212,4374.77,0.06,0.2546605589478628,0.2532381,0.2532381,0.0054011437394682,0.2532381,0.2532381,0.005365426531368,-3.571720810019961e-05,-0.6612897160873624
494,live,USD,PZM,buy,0.32,5180.94198592,0.18,hot,PZM,USDT,sell,0.02153356,1122.29,0.06,0.016942885312499996,0.2532381,0.016942885312499996,0.005431482401939998,0.016942885312499996,0.016942885312499996,0.0003646217330673675,-0.005066860668872631,-93.28688365192654
495,live,USD,PZM,buy,0.32,5180.94198592,0.18,hot,PZM,USDT,sell,0.0215,1446.06,0.06,0.016942885312499996,0.2532381,0.016942885312499996,0.005431482401939998,0.016942885312499996,0.016942885312499996,0.0003640534709982186,-0.00506742893094178,-93.29734602715114
496,live,USD,PZM,buy,0.32,5180.94198592,0.18,hot,PZM,USDT,sell,0.02132038,3217.98,0.06,0.016942885312499996,0.2532381,0.016942885312499996,0.005431482401939998,0.016942885312499996,0.016942885312499996,0.0003610120159070233,-0.005070470386032975,-93.35334280420244
497,live,USD,PZM,buy,0.32,5180.94198592,0.18,hot,PZM,USDT,sell,0.02132036,3822.19,0.06,0.016942885312499996,0.2532381,0.016942885312499996,0.005431482401939998,0.016942885312499996,0.016942885312499996,0.0003610116772526317,-0.005070470724687366,-93.35334903922939
498,live,USD,PZM,buy,0.32,5180.94198592,0.18,hot,PZM,USDT,sell,0.0212,4374.77,0.06,0.016942885312499996,0.2532381,0.016942885312499996,0.005431482401939998,0.016942885312499996,0.016942885312499996,0.00035897365512382493,-0.005072508746816173,-93.39087143142343
499,live,USD,PZM,buy,0.02127,5643.85319662,0.18,hot,PZM,USDT,sell,0.02153356,1122.29,0.06,0.25490001410437235,0.2532381,0.2532381,0.0053960698608966,0.2532381,0.2532381,0.005449845949943619,5.3776089047018194e-05,0.996578814457433
500,live,USD,PZM,buy,0.02127,5643.85319662,0.18,hot,PZM,USDT,sell,0.0215,1446.06,0.06,0.25490001410437235,0.2532381,0.2532381,0.0053960698608966,0.2532381,0.2532381,0.005441352378509999,4.528251761339898e-05,0.8391758961748306
501,live,USD,PZM,buy,0.02127,5643.85319662,0.18,hot,PZM,USDT,sell,0.02132038,3217.98,0.06,0.25490001410437235,0.2532381,0.2532381,0.0053960698608966,0.2532381,0.2532381,0.005395893042964514,-1.7681793208681323e-07,-0.0032767910098449597
502,live,USD,PZM,buy,0.02127,5643.85319662,0.18,hot,PZM,USDT,sell,0.02132036,3822.19,0.06,0.25490001410437235,0.2532381,0.2532381,0.0053960698608966,0.2532381,0.2532381,0.005395887981241371,-1.8187965522900584e-07,-0.0033705948943882845
503,live,USD,PZM,buy,0.02127,5643.85319662,0.18,hot,PZM,USDT,sell,0.0212,4374.77,0.06,0.25490001410437235,0.2532381,0.2532381,0.0053960698608966,0.2532381,0.2532381,0.005365426531368,-3.0643329528600056e-05,-0.5678823721438703
504,live,USD,PZM,buy,0.02138,5707.36489178,0.18,hot,PZM,USDT,sell,0.02153356,1122.29,0.06,0.2535885547240412,0.2532381,0.2532381,0.0054239761930404,0.2532381,0.2532381,0.005449845949943619,2.5869756903218466e-05,0.47695188884516876
505,live,USD,PZM,buy,0.02138,5707.36489178,0.18,hot,PZM,USDT,sell,0.0215,1446.06,0.06,0.2535885547240412,0.2532381,0.2532381,0.0054239761930404,0.2532381,0.2532381,0.005441352378509999,1.737618546959925e-05,0.32035880784091464
506,live,USD,PZM,buy,0.02138,5707.36489178,0.18,hot,PZM,USDT,sell,0.02132038,3217.98,0.06,0.2535885547240412,0.2532381,0.2532381,0.0054239761930404,0.2532381,0.2532381,0.005395893042964514,-2.808315007588654e-05,-0.5177594642085731
507,live,USD,PZM,buy,0.02138,5707.36489178,0.18,hot,PZM,USDT,sell,0.02132036,3822.19,0.06,0.2535885547240412,0.2532381,0.2532381,0.0054239761930404,0.2532381,0.2532381,0.005395887981241371,-2.8088211799028734e-05,-0.5178527854725693
508,live,USD,PZM,buy,0.02138,5707.36489178,0.18,hot,PZM,USDT,sell,0.0212,4374.77,0.06,0.2535885547240412,0.2532381,0.2532381,0.0054239761930404,0.2532381,0.2532381,0.005365426531368,-5.8549661672399785e-05,-1.079460152268476
509,live,USD,PZM,buy,0.026,6666.36489178,0.18,hot,PZM,USDT,sell,0.02153356,1122.29,0.06,0.20852781923076924,0.2532381,0.20852781923076924,0.00543148240194,0.20852781923076924,0.20852781923076924,0.004487652099290679,-0.0009438303026493211,-17.377029562172687
510,live,USD,PZM,buy,0.026,6666.36489178,0.18,hot,PZM,USDT,sell,0.0215,1446.06,0.06,0.20852781923076924,0.2532381,0.20852781923076924,0.00543148240194,0.20852781923076924,0.20852781923076924,0.004480658104593462,-0.0009508242973465383,-17.505797257244648
511,live,USD,PZM,buy,0.026,6666.36489178,0.18,hot,PZM,USDT,sell,0.02132038,3217.98,0.06,0.20852781923076924,0.2532381,0.20852781923076924,0.00543148240194,0.20852781923076924,0.20852781923076924,0.004443224811163366,-0.0009882575907766344,-18.19498835941458
512,live,USD,PZM,buy,0.026,6666.36489178,0.18,hot,PZM,USDT,sell,0.02132036,3822.19,0.06,0.20852781923076924,0.2532381,0.20852781923076924,0.00543148240194,0.20852781923076924,0.20852781923076924,0.004443220643109314,-0.0009882617588306856,-18.195065098207834
513,live,USD,PZM,buy,0.026,6666.36489178,0.18,hot,PZM,USDT,sell,0.0212,4374.77,0.06,0.20852781923076924,0.2532381,0.20852781923076924,0.00543148240194,0.20852781923076924,0.20852781923076924,0.004418137293831692,-0.0010133451081083076,-18.65687915598077
514,hot,USDT,PZM,buy,0.021954,51.61,0.06,alfa,PZM,USD,sell,0.0209,74366.80933923,0.2,47393.582887927034,22340.27017956,51.61,1.1337257675640002,51.61,51.61,1.076491702,-0.057234065564000236,-5.048316550745531
515,hot,USDT,PZM,buy,0.021954,51.61,0.06,alfa,PZM,USD,sell,0.0208,75510.66910365001,0.2,47393.582887927034,22340.27017956,51.61,1.1337257675640002,51.61,51.61,1.071341024,-0.062384743564000145,-5.502630825622338
516,hot,USDT,PZM,buy,0.021954,51.61,0.06,live,PZM,USD,sell,0.02087,286.68362429,0.18,47393.582887927034,12549.45140858,51.61,1.1337257675640002,51.61,51.61,1.0751619187399999,-0.05856384882400034,-5.16560975321524
517,hot,USDT,PZM,buy,0.021954,51.61,0.06,live,PZM,USD,sell,0.02066,515.63585613,0.18,47393.582887927034,12549.45140858,51.61,1.1337257675640002,51.61,51.61,1.06434332732,-0.0693824402440002,-6.119860924840757
518,hot,USDT,PZM,buy,0.021954,51.61,0.06,live,PZM,USD,sell,0.02065,2132.92830794,0.18,47393.582887927034,12549.45140858,51.61,1.1337257675640002,51.61,51.61,1.0638281563,-0.06989761126400018,-6.165301456822924
519,hot,USDT,PZM,buy,0.021954,51.61,0.06,live,PZM,USD,sell,0.02064,10530.78620794,0.18,47393.582887927034,12549.45140858,51.61,1.1337257675640002,51.61,51.61,1.0633129852799998,-0.07041278228400039,-6.21074198880511
520,hot,USDT,PZM,buy,0.021954,51.61,0.06,live,PZM,USD,sell,0.0206,10937.09078203,0.18,47393.582887927034,12549.45140858,51.61,1.1337257675640002,51.61,51.61,1.0612523012000001,-0.0724734663640001,-6.392504116733757
521,hot,USDT,PZM,buy,0.02196425,112.59,0.06,alfa,PZM,USD,sell,0.0209,74366.80933923,0.2,47371.46584661666,22340.27017956,112.59,2.4744386804445,112.59,112.59,2.348424738,-0.12601394244450015,-5.0926274084053444
522,hot,USDT,PZM,buy,0.02196425,112.59,0.06,alfa,PZM,USD,sell,0.0208,75510.66910365001,0.2,47371.46584661666,22340.27017956,112.59,2.4744386804445,112.59,112.59,2.337188256,-0.13725042444449986,-5.546729669609135
523,hot,USDT,PZM,buy,0.02196425,112.59,0.06,live,PZM,USD,sell,0.02087,286.68362429,0.18,47371.46584661666,12549.45140858,112.59,2.4744386804445,112.59,112.59,2.3455237440600003,-0.1289149363844997,-5.209865873958203
524,hot,USDT,PZM,buy,0.02196425,112.59,0.06,live,PZM,USD,sell,0.02066,515.63585613,0.18,47371.46584661666,12549.45140858,112.59,2.4744386804445,112.59,112.59,2.32192240308,-0.15251627736450013,-6.163671727646232
525,hot,USDT,PZM,buy,0.02196425,112.59,0.06,live,PZM,USD,sell,0.02065,2132.92830794,0.18,47371.46584661666,12549.45140858,112.59,2.4744386804445,112.59,112.59,2.3207985297000002,-0.15364015074449977,-6.209091054012313
526,hot,USDT,PZM,buy,0.02196425,112.59,0.06,live,PZM,USD,sell,0.02064,10530.78620794,0.18,47371.46584661666,12549.45140858,112.59,2.4744386804445,112.59,112.59,2.3196746563199997,-0.1547640241245003,-6.254510380378429
527,hot,USDT,PZM,buy,0.02196425,112.59,0.06,live,PZM,USD,sell,0.0206,10937.09078203,0.18,47371.46584661666,12549.45140858,112.59,2.4744386804445,112.59,112.59,2.3151791628000002,-0.15925951764449975,-6.436187685842791
528,hot,USDT,PZM,buy,0.022,126.97,0.06,alfa,PZM,USD,sell,0.0209,74366.80933923,0.2,47294.48721461591,22340.27017956,126.97,2.795016004,126.97,126.97,2.648365654,-0.14665034999999982,-5.246851888866674
529,hot,USDT,PZM,buy,0.022,126.97,0.06,alfa,PZM,USD,sell,0.0208,75510.66910365001,0.2,47294.48721461591,22340.27017956,126.97,2.795016004,126.97,126.97,2.635694048,-0.15932195599999988,-5.700216233896022
530,hot,USDT,PZM,buy,0.022,126.97,0.06,live,PZM,USD,sell,0.02087,286.68362429,0.18,47294.48721461591,12549.45140858,126.97,2.795016004,126.97,126.97,2.64509414498,-0.14992185902,-5.363899841913034
531,hot,USDT,PZM,buy,0.022,126.97,0.06,live,PZM,USD,sell,0.02066,515.63585613,0.18,47294.48721461591,12549.45140858,126.97,2.795016004,126.97,126.97,2.6184784396400005,-0.17653756435999934,-6.316155761088778
532,hot,USDT,PZM,buy,0.022,126.97,0.06,live,PZM,USD,sell,0.02065,2132.92830794,0.18,47294.48721461591,12549.45140858,126.97,2.795016004,126.97,126.97,2.6172110251000005,-0.17780497889999936,-6.361501281049529
533,hot,USDT,PZM,buy,0.022,126.97,0.06,live,PZM,USD,sell,0.02064,10530.78620794,0.18,47294.48721461591,12549.45140858,126.97,2.795016004,126.97,126.97,2.61594361056,-0.1790723934399998,-6.406846801010296
534,hot,USDT,PZM,buy,0.022,126.97,0.06,live,PZM,USD,sell,0.0206,10937.09078203,0.18,47294.48721461591,12549.45140858,126.97,2.795016004,126.97,126.97,2.6108739524,-0.18414205159999986,-6.588228880853301
535,hot,USDT,PZM,buy,0.02218389,178.32,0.06,alfa,PZM,USD,sell,0.0209,74366.80933923,0.2,46902.446717935854,22340.27017956,178.32,3.95820476355888,178.32,178.32,3.7194342239999996,-0.2387705395588804,-6.032293775125426
536,hot,USDT,PZM,buy,0.02218389,178.32,0.06,alfa,PZM,USD,sell,0.0208,75510.66910365001,0.2,46902.446717935854,22340.27017956,178.32,3.95820476355888,178.32,178.32,3.701637888,-0.2565668755588799,-6.481900025005197
537,hot,USDT,PZM,buy,0.02218389,178.32,0.06,live,PZM,USD,sell,0.02087,286.68362429,0.18,46902.446717935854,12549.45140858,178.32,3.95820476355888,178.32,178.32,3.71483963088,-0.24336513267888016,-6.148371476872939
538,hot,USDT,PZM,buy,0.02218389,178.32,0.06,live,PZM,USD,sell,0.02066,515.63585613,0.18,46902.446717935854,12549.45140858,178.32,3.95820476355888,178.32,178.32,3.67745983584,-0.2807449277188798,-7.0927338146715275
539,hot,USDT,PZM,buy,0.02218389,178.32,0.06,live,PZM,USD,sell,0.02065,2132.92830794,0.18,46902.446717935854,12549.45140858,178.32,3.95820476355888,178.32,178.32,3.6756798456000004,-0.2825249179588796,-7.137703449804787
540,hot,USDT,PZM,buy,0.02218389,178.32,0.06,live,PZM,USD,sell,0.02064,10530.78620794,0.18,46902.446717935854,12549.45140858,178.32,3.95820476355888,178.32,178.32,3.6738998553599997,-0.2843049081988802,-7.182673084938069
541,hot,USDT,PZM,buy,0.02218389,178.32,0.06,live,PZM,USD,sell,0.0206,10937.09078203,0.18,46902.446717935854,12549.45140858,178.32,3.95820476355888,178.32,178.32,3.6667798944,-0.2914248691588801,-7.3625516254711325
542,hot,USDT,PZM,buy,0.02240573,239.3,0.06,alfa,PZM,USD,sell,0.0209,74366.80933923,0.2,46438.063777504685,22340.27017956,239.3,5.3649082037134,239.3,239.3,4.99136726,-0.3735409437134001,-6.962671671713753
543,hot,USDT,PZM,buy,0.02240573,239.3,0.06,alfa,PZM,USD,sell,0.0208,75510.66910365001,0.2,46438.063777504685,22340.27017956,239.3,5.3649082037134,239.3,239.3,4.967485119999999,-0.3974230837134005,-7.407826352710346
544,hot,USDT,PZM,buy,0.02240573,239.3,0.06,live,PZM,USD,sell,0.02087,286.68362429,0.18,46438.063777504685,12549.45140858,239.3,5.3649082037134,239.3,239.3,4.9852014561999995,-0.37970674751340017,-7.077600083643194
545,hot,USDT,PZM,buy,0.02240573,239.3,0.06,live,PZM,USD,sell,0.02066,515.63585613,0.18,46438.063777504685,12549.45140858,239.3,5.3649082037134,239.3,239.3,4.9350389116,-0.4298692921133993,-8.012612253381315
546,hot,USDT,PZM,buy,0.02240573,239.3,0.06,live,PZM,USD,sell,0.02065,2132.92830794,0.18,46438.063777504685,12549.45140858,239.3,5.3649082037134,239.3,239.3,4.932650219,-0.4322579847133996,-8.05713664241647
547,hot,USDT,PZM,buy,0.02240573,239.3,0.06,live,PZM,USD,sell,0.02064,10530.78620794,0.18,46438.063777504685,12549.45140858,239.3,5.3649082037134,239.3,239.3,4.9302615264,-0.4346466773133999,-8.101661031451625
548,hot,USDT,PZM,buy,0.02240573,239.3,0.06,live,PZM,USD,sell,0.0206,10937.09078203,0.18,46438.063777504685,12549.45140858,239.3,5.3649082037134,239.3,239.3,4.920706756,-0.4442014477133993,-8.279758587592212
